{
  "project_info": {
    "project_number": "993679379364",
    "firebase_url": "https://ratudrink-3a94a.firebaseio.com",
    "project_id": "ratudrink-3a94a",
    "storage_bucket": "ratudrink-3a94a.appspot.com"
  },
  "client": [
    {
      "client_info": {
        "mobilesdk_app_id": "1:993679379364:android:3bbde18092bf609c248f31",
        "android_client_info": {
          "package_name": "com.example.ratudrink"
        }
      },
      "oauth_client": [
        {
          "client_id": "993679379364-590pm91vh7f4dlj4hl5132g00jhba98n.apps.googleusercontent.com",
          "client_type": 3
        }
      ],
      "api_key": [
        {
          "current_key": "AIzaSyCxNDOnpidki_WkZ3mPd5gU57K5MVl2ZhE"
        }
      ],
      "services": {
        "appinvite_service": {
          "other_platform_oauth_client": [
            {
              "client_id": "993679379364-590pm91vh7f4dlj4hl5132g00jhba98n.apps.googleusercontent.com",
              "client_type": 3
            }
          ]
        }
      }
    }
  ],
  "configuration_version": "1"
}